id,surface,file,line,component,element,label,disabled,handler,coverage
"UI001","desktop","src/renderer/src/AgentProposalCard.tsx","25","AgentProposalCard","input","Name","","onChange: {(e) => setDraft({ ...draft, name: e.target.value })}","Source control site; consult the journey register and release verification scope"
"UI002","desktop","src/renderer/src/AgentProposalCard.tsx","26","AgentProposalCard","textarea","Description","","onChange: {(e) => setDraft({ ...draft, description: e.target.value })}","Source control site; consult the journey register and release verification scope"
"UI003","desktop","src/renderer/src/AgentProposalCard.tsx","27","AgentProposalCard","textarea","Instructions","","onChange: {(e) => setDraft({ ...draft, developerInstructions: e.target.value })}","Source control site; consult the journey register and release verification scope"
"UI004","desktop","src/renderer/src/AgentProposalCard.tsx","28","AgentProposalCard","select","","","onChange: {(e) => setDraft({ ...draft, scope: e.target.value as ""personal"" | ""project"" })}","Source control site; consult the journey register and release verification scope"
"UI005","desktop","src/renderer/src/AgentProposalCard.tsx","29","AgentProposalCard","summary","Role instructions","","","Source control site; consult the journey register and release verification scope"
"UI006","desktop","src/renderer/src/AgentProposalCard.tsx","32","AgentProposalCard","button","{editing ? ""Review role"" : ""Edit role""}","{Boolean(busy)}","onClick: {() => setEditing(!editing)}","Source control site; consult the journey register and release verification scope"
"UI007","desktop","src/renderer/src/AgentProposalCard.tsx","33","AgentProposalCard","button","""Dismiss role proposal""","{Boolean(busy)}","onClick: {() => void resolve(""dismiss"")}","Source control site; consult the journey register and release verification scope"
"UI008","desktop","src/renderer/src/AgentProposalCard.tsx","34","AgentProposalCard","button","{busy === ""save"" ? ""Saving…"" : ""Save for reuse""}","{Boolean(busy)}","onClick: {() => void resolve(""save"")}","Source control site; consult the journey register and release verification scope"
"UI009","desktop","src/renderer/src/AgentProposalCard.tsx","35","AgentProposalCard","button","{busy === ""use"" ? ""Selecting…"" : ""Use once""}","{Boolean(busy)}","onClick: {() => void resolve(""use"")}","Source control site; consult the journey register and release verification scope"
"UI010","desktop","src/renderer/src/App.tsx","305","MarkdownMessage","a","{children}","","","Source control site; consult the journey register and release verification scope"
"UI011","desktop","src/renderer/src/App.tsx","318","DraftImagePreview","button","{`Preview ${image.name}`}","","onClick: {() => setExpanded(true)}","Source control site; consult the journey register and release verification scope"
"UI012","desktop","src/renderer/src/App.tsx","320","DraftImagePreview","button","{`Remove ${image.name}`}","","onClick: {onRemove}","Source control site; consult the journey register and release verification scope"
"UI013","desktop","src/renderer/src/App.tsx","321","DraftImagePreview","div","{image.name}","","onClick: {() => setExpanded(false)}","Source control site; consult the journey register and release verification scope"
"UI014","desktop","src/renderer/src/App.tsx","322","DraftImagePreview","button","""Close image""","","","Source control site; consult the journey register and release verification scope"
"UI015","desktop","src/renderer/src/App.tsx","323","DraftImagePreview","img","","","onClick: {e => e.stopPropagation()}","Source control site; consult the journey register and release verification scope"
"UI016","desktop","src/renderer/src/App.tsx","368","StoredImage","button","{source ? `Open ${attachment.name}` : attachment.name}","{!source && !error}","onClick: {() => { if (error) setError(false); else setExpanded(true); }}","Source control site; consult the journey register and release verification scope"
"UI017","desktop","src/renderer/src/App.tsx","380","StoredImage","div","{attachment.name}","","onClick: {() => setExpanded(false)}","Source control site; consult the journey register and release verification scope"
"UI018","desktop","src/renderer/src/App.tsx","381","StoredImage","button","""Close image""","","","Source control site; consult the journey register and release verification scope"
"UI019","desktop","src/renderer/src/App.tsx","382","StoredImage","img","","","onClick: {(event) => event.stopPropagation()}","Source control site; consult the journey register and release verification scope"
"UI020","desktop","src/renderer/src/App.tsx","425","MessageActions","button","""Copy message""","","onClick: {() => void copyMessage()}","Source control site; consult the journey register and release verification scope"
"UI021","desktop","src/renderer/src/App.tsx","427","MessageActions","button","""Quote in a follow-up""","","onClick: {quoteMessage}","Source control site; consult the journey register and release verification scope"
"UI022","desktop","src/renderer/src/App.tsx","525","ActivityPanel","button","{expanded ? ""Hide agent actions"" : ""Show agent actions""}","","onClick: {() => setExpanded((value) => !value)}","Source control site; consult the journey register and release verification scope"
"UI023","desktop","src/renderer/src/App.tsx","538","ActivityPanel","summary","{activity.detail && <CaretDown size={13} />}","","","Source control site; consult the journey register and release verification scope"
"UI024","desktop","src/renderer/src/App.tsx","576","MessageList","button","","","onClick: {() => window.dispatchEvent(new CustomEvent(""grokky:starter"", { detail: starter.prompt }))}","Source control site; consult the journey register and release verification scope"
"UI025","desktop","src/renderer/src/App.tsx","637","MessageList","button","Back to latest","","onClick: {jumpToLatest}","Source control site; consult the journey register and release verification scope"
"UI026","desktop","src/renderer/src/App.tsx","658","ArchivedComputerHistory","button","{`Watch archived computer for ${computer.agentName}`}","","onClick: {() => onWatchComputer(computer.id)}","Source control site; consult the journey register and release verification scope"
"UI027","desktop","src/renderer/src/App.tsx","753","CrewRunPanel","button","","","onClick: {() => setExpanded((value) => !value)}","Source control site; consult the journey register and release verification scope"
"UI028","desktop","src/renderer/src/App.tsx","766","CrewRunPanel","button","","","onClick: {() => selectTab(""overview"")}; onKeyDown: {(event) => moveTab(event, ""overview"")}","Source control site; consult the journey register and release verification scope"
"UI029","desktop","src/renderer/src/App.tsx","779","CrewRunPanel","button","","","onClick: {() => selectTab(""tasks"")}; onKeyDown: {(event) => moveTab(event, ""tasks"")}","Source control site; consult the journey register and release verification scope"
"UI030","desktop","src/renderer/src/App.tsx","792","CrewRunPanel","button","","","onClick: {() => selectTab(""meeting"")}; onKeyDown: {(event) => moveTab(event, ""meeting"")}","Source control site; consult the journey register and release verification scope"
"UI031","desktop","src/renderer/src/App.tsx","805","CrewRunPanel","button","","","onClick: {() => selectTab(""messages"")}; onKeyDown: {(event) => moveTab(event, ""messages"")}","Source control site; consult the journey register and release verification scope"
"UI032","desktop","src/renderer/src/App.tsx","955","CrewTaskBoard","summary","Detected checks · {task.acceptanceCriteria.length}","","","Source control site; consult the journey register and release verification scope"
"UI033","desktop","src/renderer/src/App.tsx","957","CrewTaskBoard","summary","{task.status === ""failed"" ? ""Failure detail"" : task.status === ""stopped"" ? ""Interruption detail"" : task.status === ""blocked"" ? ""Blocker detail"" : ""Reported evidence""}","","","Source control site; consult the journey register and release verification scope"
"UI034","desktop","src/renderer/src/App.tsx","989","CrewMeetingRoom","button","Meeting {index + 1}","","onClick: {() => setSelectedMeetingId(candidate.id)}","Source control site; consult the journey register and release verification scope"
"UI035","desktop","src/renderer/src/App.tsx","1055","CrewRunRow","summary","{content}","","","Source control site; consult the journey register and release verification scope"
"UI036","desktop","src/renderer/src/App.tsx","1057","CrewRunRow","button","{`Watch ${run.name}'s computer`}","","onClick: {() => onWatchComputer(computer.id)}","Source control site; consult the journey register and release verification scope"
"UI037","desktop","src/renderer/src/App.tsx","1120","CrewPicker","button","","{conversation.status === ""running""}","onClick: {() => setOpen((value) => !value)}","Source control site; consult the journey register and release verification scope"
"UI038","desktop","src/renderer/src/App.tsx","1133","CrewPicker","button","{checked ? <CheckCircle size={17} weight=""fill"" /> : <Plus size={15} />}","{!enabled}","onClick: {() => void toggle(agent)}","Source control site; consult the journey register and release verification scope"
"UI039","desktop","src/renderer/src/App.tsx","1141","CrewPicker","button","Create or edit agents","","onClick: {() => { setOpen(false); onOpenAgents(); }}","Source control site; consult the journey register and release verification scope"
"UI040","desktop","src/renderer/src/App.tsx","1227","ProjectPicker","button","","{conversation.status === ""running""}","onClick: {() => setOpen((value) => !value)}","Source control site; consult the journey register and release verification scope"
"UI041","desktop","src/renderer/src/App.tsx","1234","ProjectPicker","input","""Search projects""","","onChange: {(event) => setSearch(event.target.value)}","Source control site; consult the journey register and release verification scope"
"UI042","desktop","src/renderer/src/App.tsx","1239","ProjectPicker","button","{pathname}","","onClick: {() => void selectProject(pathname)}","Source control site; consult the journey register and release verification scope"
"UI043","desktop","src/renderer/src/App.tsx","1247","ProjectPicker","button","Choose or create project","","onClick: {() => void chooseProject()}","Source control site; consult the journey register and release verification scope"
"UI044","desktop","src/renderer/src/App.tsx","1248","ProjectPicker","button","Don't work in a project","","onClick: {() => void clearProject()}","Source control site; consult the journey register and release verification scope"
"UI045","desktop","src/renderer/src/App.tsx","1305","AccessPicker","button","","{conversation.status === ""running""}","onClick: {() => setOpen((current) => !current)}","Source control site; consult the journey register and release verification scope"
"UI046","desktop","src/renderer/src/App.tsx","1311","AccessPicker","button","{choice.id === value && <CheckCircle size={17} weight=""fill"" />}","","onClick: {() => void select(choice.id)}","Source control site; consult the journey register and release verification scope"
"UI047","desktop","src/renderer/src/App.tsx","1484","Composer","div","{conversation.queuedMessages.length > 0 && ( <section className=""followup-queue"" aria-label={`${conversation.queuedMessages.length} queued follow-ups`}> <header><span><ClockCounterClockwise size={13} /><strong>Up next</strong></span><small>","","onDrop: {handleDrop}","Source control site; consult the journey register and release verification scope"
"UI048","desktop","src/renderer/src/App.tsx","1518","Composer","input","{draftImages.length > 0 && ( <div className=""composer-image-previews"" aria-label={`${draftImages.length} images ready to send`}> {draftImages.map((image) => ( <DraftImagePreview key={image.id} image={image} onRemove={() => removeDraftImage(","","onChange: {(event) => { addImageFiles(Array.from(event.target.files ?? [])); event.target.value = """"; }}","Source control site; consult the journey register and release verification scope"
"UI049","desktop","src/renderer/src/App.tsx","1531","Composer","button","""Attach images""","{submitting || draftImages.length >= MAX_IMAGE_ATTACHMENTS}","onClick: {() => fileInput.current?.click()}","Source control site; consult the journey register and release verification scope"
"UI050","desktop","src/renderer/src/App.tsx","1542","Composer","textarea","""Message Grokky""","","onChange: {(event) => setDraft(event.target.value)}; onPaste: {handlePaste}; onKeyDown: {(event) => { if (event.key === ""Enter"" && !event.shiftKey && !event.nativeEvent.isComposing) { event.preventDefault(); void submit(conversation.status ","Source control site; consult the journey register and release verification scope"
"UI051","desktop","src/renderer/src/App.tsx","1563","Composer","button","""Redirect now (Command + Enter)""","{!canSend}","onClick: {() => void submit(""priority"")}","Source control site; consult the journey register and release verification scope"
"UI052","desktop","src/renderer/src/App.tsx","1564","Composer","button","""Queue after the current turn""","{!canSend}","onClick: {() => void submit(""normal"")}","Source control site; consult the journey register and release verification scope"
"UI053","desktop","src/renderer/src/App.tsx","1567","Composer","button","""Send message""","{!canSend}","onClick: {() => void submit()}","Source control site; consult the journey register and release verification scope"
"UI054","desktop","src/renderer/src/App.tsx","1593","Switch","input","{label}","{disabled}","onChange: {(event) => onChange(event.target.checked)}","Source control site; consult the journey register and release verification scope"
"UI055","desktop","src/renderer/src/App.tsx","1605","SignalPalette","button","{`${palette.label}: ${palette.detail}`}","","onClick: {() => onChange(palette.id)}","Source control site; consult the journey register and release verification scope"
"UI056","desktop","src/renderer/src/App.tsx","1858","SettingsDialog","div","{discard && <ConfirmDialog title=""Discard unsaved changes?"" detail=""Your saved settings stay as they are. The edits in this panel will be lost."" confirmLabel=""Discard changes"" onCancel={() => setDiscard(null)} onConfirm={() => { const actio","","onMouseDown: {(event) => { if (event.currentTarget === event.target) requestClose(); }}","Source control site; consult the journey register and release verification scope"
"UI057","desktop","src/renderer/src/App.tsx","1874","SettingsDialog","button","","","onClick: {() => setTab(item.id)}","Source control site; consult the journey register and release verification scope"
"UI058","desktop","src/renderer/src/App.tsx","1890","SettingsDialog","button","""Close settings""","","onClick: {requestClose}","Source control site; consult the journey register and release verification scope"
"UI059","desktop","src/renderer/src/App.tsx","1892","SettingsDialog","button","""Dismiss settings feedback""","","onClick: {() => { setLocalError(""""); setFeedback(""""); }}","Source control site; consult the journey register and release verification scope"
"UI060","desktop","src/renderer/src/App.tsx","1899","SettingsDialog","input","""Product launch operator""","{conversation.status === ""running""}","onChange: {(event) => setSessionTitle(event.target.value)}","Source control site; consult the journey register and release verification scope"
"UI061","desktop","src/renderer/src/App.tsx","1900","SettingsDialog","textarea","""What this session owns, how it should work, and what it should never touch.""","{conversation.status === ""running""}","onChange: {(event) => setSessionInstructions(event.target.value)}","Source control site; consult the journey register and release verification scope"
"UI062","desktop","src/renderer/src/App.tsx","1901","SettingsDialog","button","{identityBusy ? <InlineLoader label=""Saving identity"" /> : <FloppyDisk size={14} />} Save identity","{conversation.status === ""running"" || identityBusy || !sessionTitle.trim() || (sessionTitle.trim() === conversation.title && sessionInstructions.trim() === conversation.instructions)}","onClick: {() => void saveSessionIdentity()}","Source control site; consult the journey register and release verification scope"
"UI063","desktop","src/renderer/src/App.tsx","1904","SettingsDialog","button","","","onClick: {() => void perform(""Opening folder picker…"", () => window.grokky.chooseWorkingDirectory(conversation.id))}","Source control site; consult the journey register and release verification scope"
"UI064","desktop","src/renderer/src/App.tsx","1912","SettingsDialog","SelectMenu","""Application appearance""","","onChange: {(theme) => void patchSettings({ theme })}","Source control site; consult the journey register and release verification scope"
"UI065","desktop","src/renderer/src/App.tsx","1914","SettingsDialog","SignalPalette","{conversation.provider === ""codex"" || activeRemoteCommandDevice ? ( <div className={`settings-row ${conversation.sandboxMode === ""read-only"" ? ""disabled"" : """"}`}> <span className=""settings-copy""><strong>Development commands</strong><small>{","","onChange: {(accentPalette) => void patchSettings({ accentPalette })}","Source control site; consult the journey register and release verification scope"
"UI066","desktop","src/renderer/src/App.tsx","1917","SettingsDialog","SelectMenu","""Workspace permission""","{conversation.status === ""running""}","onChange: {(sandboxMode) => void patchConversation({ sandboxMode })}","Source control site; consult the journey register and release verification scope"
"UI067","desktop","src/renderer/src/App.tsx","1922","SettingsDialog","Switch","""Development commands""","{conversation.sandboxMode === ""read-only"" || conversation.status === ""running""}","onChange: {(checked) => void patchConversation({ allowCommands: checked })}","Source control site; consult the journey register and release verification scope"
"UI068","desktop","src/renderer/src/App.tsx","1930","SettingsDialog","Switch","""Live web search""","{conversation.status === ""running""}","onChange: {(checked) => void patchSettings({ webSearchEnabled: checked })}","Source control site; consult the journey register and release verification scope"
"UI069","desktop","src/renderer/src/App.tsx","1935","SettingsDialog","Switch","""Structured views""","","onChange: {(checked) => void patchSettings({ generatedArtifactsEnabled: checked })}","Source control site; consult the journey register and release verification scope"
"UI070","desktop","src/renderer/src/App.tsx","1939","SettingsDialog","button","","","onClick: {() => void perform(""Opening credential picker…"", () => window.grokky.chooseOpenRouterCredential())}","Source control site; consult the journey register and release verification scope"
"UI071","desktop","src/renderer/src/App.tsx","1964","SettingsDialog","Switch","""Computer access""","","onChange: {(enabled) => void computerAction(""enabled"", () => window.grokky.setComputerAccessEnabled(enabled))}","Source control site; consult the journey register and release verification scope"
"UI072","desktop","src/renderer/src/App.tsx","1968","SettingsDialog","button","Pair","","onClick: {() => setPairOpen((open) => !open)}","Source control site; consult the journey register and release verification scope"
"UI073","desktop","src/renderer/src/App.tsx","1972","SettingsDialog","button","{snapshot.computerAccess.activeDeviceId === device.id && <ShieldCheck size={17} weight=""fill"" />}","{device.status !== ""online"" || computerBusy === device.id}","onClick: {() => void computerAction(device.id, () => window.grokky.selectComputer(device.id))}","Source control site; consult the journey register and release verification scope"
"UI074","desktop","src/renderer/src/App.tsx","1983","SettingsDialog","button","{`Revoke and forget ${device.name}`}","","onClick: {() => setConfirmDevice({ id: device.id, name: device.name })}","Source control site; consult the journey register and release verification scope"
"UI075","desktop","src/renderer/src/App.tsx","1990","SettingsDialog","input","""https://runner.example.com:4747""","","onChange: {(event) => setRunnerEndpoint(event.target.value)}","Source control site; consult the journey register and release verification scope"
"UI076","desktop","src/renderer/src/App.tsx","1991","SettingsDialog","input","""000000 or gsk_…""","","onChange: {(event) => setPairingCode(event.target.value.replace(/\s/g, """").slice(0, 184))}","Source control site; consult the journey register and release verification scope"
"UI077","desktop","src/renderer/src/App.tsx","1992","SettingsDialog","button","Cancel","","onClick: {() => setPairOpen(false)}","Source control site; consult the journey register and release verification scope"
"UI078","desktop","src/renderer/src/App.tsx","1992","SettingsDialog","button","{computerBusy === ""pair"" ? <InlineLoader label=""Pairing computer"" /> : <ShieldCheck size={14} />} Pair securely","{computerBusy === ""pair"" || !pairingSecretValid || !runnerEndpoint.trim()}","onClick: {() => void pairRunner()}","Source control site; consult the journey register and release verification scope"
"UI079","desktop","src/renderer/src/App.tsx","1997","SettingsDialog","Switch","""Spread OpenRouter crew across computers""","{conversation.provider === ""codex""}","onChange: {(checked) => void patchSettings({ spreadAgentComputers: checked })}","Source control site; consult the journey register and release verification scope"
"UI080","desktop","src/renderer/src/App.tsx","2009","SettingsDialog","button","System access","{computerBusy === `permission:${capability.id}`}","onClick: {() => void computerAction(`permission:${capability.id}`, () => window.grokky.requestComputerPermission(capability.id))}","Source control site; consult the journey register and release verification scope"
"UI081","desktop","src/renderer/src/App.tsx","2011","SettingsDialog","button","{computerBusy === `test:${capability.id}` ? <InlineLoader label={`Testing ${capability.label}`} quiet /> : ""Test""}","{!snapshot.computerAccess.enabled || !capability.available || capability.level === ""blocked"" || Boolean(computerBusy)}","onClick: {() => void computerAction(`test:${capability.id}`, () => window.grokky.testComputerCapability(capability.id))}","Source control site; consult the journey register and release verification scope"
"UI082","desktop","src/renderer/src/App.tsx","2012","SettingsDialog","SelectMenu","{`${capability.label} access`}","{!snapshot.computerAccess.enabled || !capability.available || Boolean(computerBusy)}","onChange: {(level) => void computerAction(`level:${capability.id}`, () => window.grokky.setComputerCapability(capability.id, level))}","Source control site; consult the journey register and release verification scope"
"UI083","desktop","src/renderer/src/App.tsx","2019","SettingsDialog","button","{computerBusy === ""network"" ? <InlineLoader label=""Saving domains"" quiet /> : <FloppyDisk size={13} />} Save","{computerBusy === ""network""}","onClick: {() => void computerAction(""network"", () => window.grokky.updateComputerNetworkAllowlist(networkDomains.split(/\n|,/).map((domain) => domain.trim()).filter(Boolean)))}","Source control site; consult the journey register and release verification scope"
"UI084","desktop","src/renderer/src/App.tsx","2020","SettingsDialog","textarea","""Always-allowed browser domains""","","onChange: {(event) => setNetworkDomains(event.target.value)}","Source control site; consult the journey register and release verification scope"
"UI085","desktop","src/renderer/src/App.tsx","2043","SettingsDialog","input","""Search skills""","","onChange: {(event) => setSearch(event.target.value)}","Source control site; consult the journey register and release verification scope"
"UI086","desktop","src/renderer/src/App.tsx","2050","SettingsDialog","Switch","{`${skill.name} skill`}","{busy === skill.id}","onChange: {(enabled) => void toggleCapability(skill.id, () => window.grokky.setSkillEnabled(skill.path, enabled))}","Source control site; consult the journey register and release verification scope"
"UI087","desktop","src/renderer/src/App.tsx","2064","SettingsDialog","button","Agents","","onClick: {() => setDiscard(() => () => { setAgentDraft(null); setEditingAgentId(null); })}","Source control site; consult the journey register and release verification scope"
"UI088","desktop","src/renderer/src/App.tsx","2073","SettingsDialog","button","{icon.label}","","onClick: {() => setAgentDraft({ ...agentDraft, icon: icon.id })}","Source control site; consult the journey register and release verification scope"
"UI089","desktop","src/renderer/src/App.tsx","2079","SettingsDialog","input","""qa_scout""","","onChange: {(event) => setAgentDraft({ ...agentDraft, name: event.target.value })}","Source control site; consult the journey register and release verification scope"
"UI090","desktop","src/renderer/src/App.tsx","2080","SettingsDialog","input","""When should Grokky choose this agent?""","","onChange: {(event) => setAgentDraft({ ...agentDraft, description: event.target.value })}","Source control site; consult the journey register and release verification scope"
"UI091","desktop","src/renderer/src/App.tsx","2081","SettingsDialog","textarea","""Describe the role, method, constraints, and expected result.""","","onChange: {(event) => setAgentDraft({ ...agentDraft, developerInstructions: event.target.value })}","Source control site; consult the journey register and release verification scope"
"UI092","desktop","src/renderer/src/App.tsx","2083","SettingsDialog","SelectMenu","""Agent scope""","{Boolean(editingAgentId)}","onChange: {(scope) => setAgentDraft({ ...agentDraft, scope })}","Source control site; consult the journey register and release verification scope"
"UI093","desktop","src/renderer/src/App.tsx","2084","SettingsDialog","SelectMenu","""Agent model""","","onChange: {(model) => setAgentDraft({ ...agentDraft, model: model || undefined })}","Source control site; consult the journey register and release verification scope"
"UI094","desktop","src/renderer/src/App.tsx","2085","SettingsDialog","SelectMenu","""Agent reasoning""","","onChange: {(reasoning) => setAgentDraft({ ...agentDraft, reasoning: reasoning || undefined })}","Source control site; consult the journey register and release verification scope"
"UI095","desktop","src/renderer/src/App.tsx","2086","SettingsDialog","SelectMenu","""Agent workspace permission""","","onChange: {(sandboxMode) => setAgentDraft({ ...agentDraft, sandboxMode: sandboxMode || undefined })}","Source control site; consult the journey register and release verification scope"
"UI096","desktop","src/renderer/src/App.tsx","2090","SettingsDialog","button","Delete","{agentBusy}","onClick: {() => setConfirmAgentDelete(true)}","Source control site; consult the journey register and release verification scope"
"UI097","desktop","src/renderer/src/App.tsx","2092","SettingsDialog","button","Cancel","{agentBusy}","onClick: {() => setDiscard(() => () => { setAgentDraft(null); setEditingAgentId(null); })}","Source control site; consult the journey register and release verification scope"
"UI098","desktop","src/renderer/src/App.tsx","2093","SettingsDialog","button","{agentBusy ? <InlineLoader label=""Saving agent"" /> : <FloppyDisk size={14} />} Save agent","{agentBusy || !agentDraft.name.trim() || !agentDraft.description.trim() || !agentDraft.developerInstructions.trim()}","onClick: {() => void saveAgent()}","Source control site; consult the journey register and release verification scope"
"UI099","desktop","src/renderer/src/App.tsx","2098","SettingsDialog","button","New agent","","onClick: {() => beginAgentDraft({ name: """", description: """", developerInstructions: """", scope: ""personal"", icon: ""lime"" })}","Source control site; consult the journey register and release verification scope"
"UI100","desktop","src/renderer/src/App.tsx","2099","SettingsDialog","summary","Agent defaults and limits","","","Source control site; consult the journey register and release verification scope"
"UI101","desktop","src/renderer/src/App.tsx","2102","SettingsDialog","Switch","""Multi-agent orchestration""","","onChange: {(checked) => void patchSettings({ multiAgentEnabled: checked })}","Source control site; consult the journey register and release verification scope"
"UI102","desktop","src/renderer/src/App.tsx","2106","SettingsDialog","SelectMenu","""Maximum parallel workers""","{!snapshot.settings.multiAgentEnabled}","onChange: {(maxAgentThreads) => void patchSettings({ maxAgentThreads })}","Source control site; consult the journey register and release verification scope"
"UI103","desktop","src/renderer/src/App.tsx","2109","SettingsDialog","SelectMenu","""Default subagent model""","{!snapshot.settings.multiAgentEnabled}","onChange: {(defaultSubagentModel) => void patchSettings({ defaultSubagentModel })}","Source control site; consult the journey register and release verification scope"
"UI104","desktop","src/renderer/src/App.tsx","2110","SettingsDialog","SelectMenu","""Default subagent reasoning""","{!snapshot.settings.multiAgentEnabled}","onChange: {(defaultSubagentReasoning) => void patchSettings({ defaultSubagentReasoning })}","Source control site; consult the journey register and release verification scope"
"UI105","desktop","src/renderer/src/App.tsx","2114","SettingsDialog","Switch","""Agent updates in chat""","{!snapshot.settings.multiAgentEnabled}","onChange: {(checked) => void patchSettings({ interruptAgentMessage: checked })}","Source control site; consult the journey register and release verification scope"
"UI106","desktop","src/renderer/src/App.tsx","2119","SettingsDialog","button","","","onClick: {() => beginAgentDraft(template)}","Source control site; consult the journey register and release verification scope"
"UI107","desktop","src/renderer/src/App.tsx","2122","SettingsDialog","button","New","","onClick: {() => beginAgentDraft({ name: """", description: """", developerInstructions: """", scope: ""personal"", icon: ""lime"" })}","Source control site; consult the journey register and release verification scope"
"UI108","desktop","src/renderer/src/App.tsx","2123","SettingsDialog","input","""Search agent library""","","onChange: {(e) => setAgentSearch(e.target.value)}","Source control site; consult the journey register and release verification scope"
"UI109","desktop","src/renderer/src/App.tsx","2125","SettingsDialog","button","Clear search","","onClick: {() => setAgentSearch("""")}","Source control site; consult the journey register and release verification scope"
"UI110","desktop","src/renderer/src/App.tsx","2127","SettingsDialog","button","{agent.builtIn ? <span className=""agent-row-action""><Copy size={14} />Duplicate</span> : <span className=""agent-row-action"">Edit<ArrowUpRight size={13} /></span>}","","onClick: {() => editAgent(agent)}","Source control site; consult the journey register and release verification scope"
"UI111","desktop","src/renderer/src/App.tsx","2145","SettingsDialog","Switch","""OpenRouter MCP tools""","","onChange: {(checked) => void patchSettings({ openRouterExternalTools: checked })}","Source control site; consult the journey register and release verification scope"
"UI112","desktop","src/renderer/src/App.tsx","2153","SettingsDialog","Switch","{`${server.name} MCP server`}","{busy === server.id}","onChange: {(enabled) => void toggleCapability(server.id, () => window.grokky.setMcpEnabled(server.id, enabled))}","Source control site; consult the journey register and release verification scope"
"UI113","desktop","src/renderer/src/App.tsx","2168","SettingsDialog","Switch","""Connector runtime""","","onChange: {(checked) => void patchSettings({ connectorsEnabled: checked })}","Source control site; consult the journey register and release verification scope"
"UI114","desktop","src/renderer/src/App.tsx","2176","SettingsDialog","Switch","{`${connector.name} connector`}","{!snapshot.settings.connectorsEnabled || busy === connector.id}","onChange: {(enabled) => void toggleCapability(connector.id, () => window.grokky.setConnectorEnabled(connector.id, enabled))}","Source control site; consult the journey register and release verification scope"
"UI115","desktop","src/renderer/src/App.tsx","2207","DeleteConversationDialog","div","","","onMouseDown: {(event) => { if (!busy && event.currentTarget === event.target) onCancel(); }}","Source control site; consult the journey register and release verification scope"
"UI116","desktop","src/renderer/src/App.tsx","2216","DeleteConversationDialog","button","Cancel","{busy}","onClick: {onCancel}","Source control site; consult the journey register and release verification scope"
"UI117","desktop","src/renderer/src/App.tsx","2217","DeleteConversationDialog","button","{busy ? ""Deleting…"" : ""Delete chat""}","{busy}","onClick: {onConfirm}","Source control site; consult the journey register and release verification scope"
"UI118","desktop","src/renderer/src/App.tsx","2256","ComputerApprovalDialog","button","""Copy exact approval target""","{busy}","onClick: {() => void copyTarget()}","Source control site; consult the journey register and release verification scope"
"UI119","desktop","src/renderer/src/App.tsx","2263","ComputerApprovalDialog","button","Deny","{busy}","onClick: {() => onDecision(""deny"")}","Source control site; consult the journey register and release verification scope"
"UI120","desktop","src/renderer/src/App.tsx","2264","ComputerApprovalDialog","button","Allow once","{busy}","onClick: {() => onDecision(""allow-once"")}","Source control site; consult the journey register and release verification scope"
"UI121","desktop","src/renderer/src/App.tsx","2265","ComputerApprovalDialog","button","{busy ? <InlineLoader label=""Applying approval"" /> : <ShieldCheck size={14} />} {request.agentName ? ""Allow all for this agent run"" : ""Allow all for this run""}","{busy}","onClick: {() => onDecision(""allow-session"")}","Source control site; consult the journey register and release verification scope"
"UI122","desktop","src/renderer/src/App.tsx","2296","AgentComputerEvidencePreview","button","Open","","onClick: {() => setExpanded(true)}","Source control site; consult the journey register and release verification scope"
"UI123","desktop","src/renderer/src/App.tsx","2298","AgentComputerEvidencePreview","button","Retry","","onClick: {() => setRetry((value) => value + 1)}","Source control site; consult the journey register and release verification scope"
"UI124","desktop","src/renderer/src/App.tsx","2302","AgentComputerEvidencePreview","div","{`${evidence.title} expanded cloud computer frame`}","","onMouseDown: {(event) => { if (event.target === event.currentTarget) setExpanded(false); }}","Source control site; consult the journey register and release verification scope"
"UI125","desktop","src/renderer/src/App.tsx","2303","AgentComputerEvidencePreview","button","""Close expanded computer frame""","","onClick: {() => setExpanded(false)}","Source control site; consult the journey register and release verification scope"
"UI126","desktop","src/renderer/src/App.tsx","2408","AgentLiveDesktop","button","""Zoom live desktop out""","{zoom <= 1}","onClick: {() => updateZoom(zoom - 0.25)}","Source control site; consult the journey register and release verification scope"
"UI127","desktop","src/renderer/src/App.tsx","2410","AgentLiveDesktop","button","""Zoom live desktop in""","{zoom >= 3}","onClick: {() => updateZoom(zoom + 0.25)}","Source control site; consult the journey register and release verification scope"
"UI128","desktop","src/renderer/src/App.tsx","2411","AgentLiveDesktop","button","Fit","","onClick: {() => setZoom(1)}","Source control site; consult the journey register and release verification scope"
"UI129","desktop","src/renderer/src/App.tsx","2412","AgentLiveDesktop","button","{fullscreen ? ""Exit full screen"" : ""Watch live desktop full screen""}","","onClick: {() => void toggleFullscreen()}","Source control site; consult the journey register and release verification scope"
"UI130","desktop","src/renderer/src/App.tsx","2417","AgentLiveDesktop","button","Retry","","onClick: {() => liveViewRef.current?.reload()}","Source control site; consult the journey register and release verification scope"
"UI131","desktop","src/renderer/src/App.tsx","2527","AgentWatchDrawer","div","""Resize live desktop sidebar""","","onPointerDown: {onResizeStart}; onKeyDown: {onResizeKeyDown}","Source control site; consult the journey register and release verification scope"
"UI132","desktop","src/renderer/src/App.tsx","2549","AgentWatchDrawer","button","""Close Watch""","","onClick: {onClose}","Source control site; consult the journey register and release verification scope"
"UI133","desktop","src/renderer/src/App.tsx","2557","AgentWatchDrawer","button","Live","{!liveViewUrl}","onClick: {() => setDesktopMode(""live"")}","Source control site; consult the journey register and release verification scope"
"UI134","desktop","src/renderer/src/App.tsx","2558","AgentWatchDrawer","button","History","","onClick: {() => setDesktopMode(""history"")}","Source control site; consult the journey register and release verification scope"
"UI135","desktop","src/renderer/src/App.tsx","2566","AgentWatchDrawer","button","""Previous captured frame""","{selectedEvidenceIndex <= 0}","onClick: {() => moveEvidence(-1)}","Source control site; consult the journey register and release verification scope"
"UI136","desktop","src/renderer/src/App.tsx","2568","AgentWatchDrawer","button","""Next captured frame""","{selectedEvidenceIndex >= computer.evidence.length - 1}","onClick: {() => moveEvidence(1)}","Source control site; consult the journey register and release verification scope"
"UI137","desktop","src/renderer/src/App.tsx","2575","AgentWatchDrawer","button","","","onClick: {() => void openCurrentUrl()}","Source control site; consult the journey register and release verification scope"
"UI138","desktop","src/renderer/src/App.tsx","2804","App","button","Retry","","onClick: {() => { setUiError(""""); void window.grokky.getSnapshot().then(setSnapshot).catch((error) => setUiError(error.message)); }}","Source control site; consult the journey register and release verification scope"
"UI139","desktop","src/renderer/src/App.tsx","2872","App","a","Skip to message","","","Source control site; consult the journey register and release verification scope"
"UI140","desktop","src/renderer/src/App.tsx","2878","App","button","{sessionBusy ? ""Creating session"" : ""New session""}","{sessionBusy}","onClick: {() => void createSession()}","Source control site; consult the journey register and release verification scope"
"UI141","desktop","src/renderer/src/App.tsx","2882","App","input","""Search sessions""","","onChange: {(event) => setSearch(event.target.value)}","Source control site; consult the journey register and release verification scope"
"UI142","desktop","src/renderer/src/App.tsx","2883","App","button","""Clear session search""","","onClick: {() => setSearch("""")}","Source control site; consult the journey register and release verification scope"
"UI143","desktop","src/renderer/src/App.tsx","2886","App","button","Clear search","","onClick: {() => setSearch("""")}","Source control site; consult the journey register and release verification scope"
"UI144","desktop","src/renderer/src/App.tsx","2892","App","button","{conversation.status === ""running"" ? <InlineLoader label={`${conversation.title} is running`} quiet /> : conversation.unreadCount > 0 ? <em className=""session-unread"" aria-label={`${conversation.unreadCount} unread ${conversation.unreadCoun","","onClick: {() => void window.grokky.setActiveConversation(conversation.id).catch((error) => setUiError(error instanceof Error ? error.message : ""The session could not be opened""))}","Source control site; consult the journey register and release verification scope"
"UI145","desktop","src/renderer/src/App.tsx","2898","App","button","{`Delete ${conversation.title}`}","","onPointerDown: {(event) => event.stopPropagation()}; onClick: {(event) => { event.stopPropagation(); requestDelete(conversation); }}","Source control site; consult the journey register and release verification scope"
"UI146","desktop","src/renderer/src/App.tsx","2920","App","button","{computer ? <Eye className=""sidebar-watch-icon"" size={12} /> : <i className={state.active ? ""active"" : state.complete ? ""complete"" : """"} />}","","onClick: {() => { void window.grokky.setActiveConversation(conversation.id) .then(() => { if (computer) openWatch(computer.id); }) .catch((error) => setUiError(error instanceof Error ? error.message : ""The conversation could not be opened"")","Source control site; consult the journey register and release verification scope"
"UI147","desktop","src/renderer/src/App.tsx","2938","App","button","Routines {snapshot.routines.length > 0 && <em className=""sidebar-feature-count"">{snapshot.routines.length}</em>}","","onClick: {() => setFeatureCenterView(""routines"")}","Source control site; consult the journey register and release verification scope"
"UI148","desktop","src/renderer/src/App.tsx","2939","App","button","Attention {snapshot.attention.some((item) => item.status === ""open"") && <em className=""sidebar-feature-count warning"">{snapshot.attention.filter((item) => item.status === ""open"").length}</em>}","","onClick: {() => setFeatureCenterView(""attention"")}","Source control site; consult the journey register and release verification scope"
"UI149","desktop","src/renderer/src/App.tsx","2940","App","button","Quick setup","","onClick: {() => setFeatureCenterView(""setup"")}","Source control site; consult the journey register and release verification scope"
"UI150","desktop","src/renderer/src/App.tsx","2941","App","button","Agents","","onClick: {() => setSettingsTab(""agents"")}","Source control site; consult the journey register and release verification scope"
"UI151","desktop","src/renderer/src/App.tsx","2942","App","button","Computer","","onClick: {() => setSettingsTab(""computer"")}","Source control site; consult the journey register and release verification scope"
"UI152","desktop","src/renderer/src/App.tsx","2943","App","button","Skills & tools","","onClick: {() => setSettingsTab(""skills"")}","Source control site; consult the journey register and release verification scope"
"UI153","desktop","src/renderer/src/App.tsx","2944","App","button","Settings","","onClick: {() => setSettingsTab(""session"")}","Source control site; consult the journey register and release verification scope"
"UI154","desktop","src/renderer/src/App.tsx","2948","App","div","""Resize session sidebar""","","onPointerDown: {beginSidebarResize}; onKeyDown: {(event) => { if (event.key === ""ArrowLeft"") setSidebarWidth((value) => clampSidebarWidth(value - 16)); else if (event.key === ""ArrowRight"") setSidebarWidth((value) => clampSidebarWidth(value ","Source control site; consult the journey register and release verification scope"
"UI155","desktop","src/renderer/src/App.tsx","2981","App","button","Codex","","onClick: {() => void updateProvider(""codex"")}","Source control site; consult the journey register and release verification scope"
"UI156","desktop","src/renderer/src/App.tsx","2982","App","button","OpenRouter","","onClick: {() => void updateProvider(""openrouter"")}","Source control site; consult the journey register and release verification scope"
"UI157","desktop","src/renderer/src/App.tsx","2988","App","SelectMenu","""Codex model""","{active.status === ""running""}","onChange: {(model) => void window.grokky.updateConversation(active.id, { model }).catch((error) => setUiError(error.message))}","Source control site; consult the journey register and release verification scope"
"UI158","desktop","src/renderer/src/App.tsx","2990","App","ModelCombobox","""OpenRouter model""","{active.status === ""running""}","","Source control site; consult the journey register and release verification scope"
"UI159","desktop","src/renderer/src/App.tsx","2996","App","SelectMenu","""Reasoning effort""","{active.status === ""running""}","onChange: {(reasoning) => void window.grokky.updateConversation(active.id, { reasoning }).catch((error) => setUiError(error.message))}","Source control site; consult the journey register and release verification scope"
"UI160","desktop","src/renderer/src/App.tsx","3000","App","button","""Watch Grokky's computer""","","onClick: {() => openWatch((active.agentComputers ?? []).findLast((computer) => computer.role === ""lead"")!.id)}","Source control site; consult the journey register and release verification scope"
"UI161","desktop","src/renderer/src/App.tsx","3001","App","button","{snapshot.computerAccess.enabled ? `${active.provider === ""codex"" ? ""Codex local session"" : ""Computer""}: ${activeDevice?.name || ""Unavailable""}` : ""Computer access is off""}","","onClick: {() => setSettingsTab(""computer"")}","Source control site; consult the journey register and release verification scope"
"UI162","desktop","src/renderer/src/App.tsx","3002","App","button","{activeStatus?.detail || ""Provider needs setup""}","","onClick: {() => setSettingsTab(""session"")}","Source control site; consult the journey register and release verification scope"
"UI163","desktop","src/renderer/src/App.tsx","3003","App","button","""Session settings""","","onClick: {() => setSettingsTab(""session"")}","Source control site; consult the journey register and release verification scope"
"UI164","desktop","src/renderer/src/App.tsx","3004","App","button","{active.status === ""running"" ? ""Stop the run before deleting this chat"" : ""Delete chat""}","{active.status === ""running""}","onClick: {() => requestDelete(active)}","Source control site; consult the journey register and release verification scope"
"UI165","desktop","src/renderer/src/App.tsx","3044","App","button","""Dismiss error""","","onClick: {() => setUiError("""")}","Source control site; consult the journey register and release verification scope"
"UI166","desktop","src/renderer/src/ConfirmDialog.tsx","9","ConfirmDialog","div","","","onMouseDown: {(e) => { if (e.target === e.currentTarget && !busy) onCancel(); }}","Source control site; consult the journey register and release verification scope"
"UI167","desktop","src/renderer/src/ConfirmDialog.tsx","11","ConfirmDialog","button","{cancelLabel}","{busy}","onClick: {onCancel}","Source control site; consult the journey register and release verification scope"
"UI168","desktop","src/renderer/src/ConfirmDialog.tsx","11","ConfirmDialog","button","{busy ? ""Working…"" : confirmLabel}","{busy}","onClick: {onConfirm}","Source control site; consult the journey register and release verification scope"
"UI169","desktop","src/renderer/src/Controls.tsx","61","SelectMenu","div","{open && ( <div className=""select-menu-popover"" id={listId} role=""listbox"" aria-label={label}> {choices.map((choice) => { const active = choice.value === value; return ( <button key={String(choice.value)} ref={(node) => { optionRefs.current","","onKeyDown: {(event) => { if (open && event.key === ""Escape"") { event.preventDefault(); event.stopPropagation(); setOpen(false); buttonRef.current?.focus(); } }}","Source control site; consult the journey register and release verification scope"
"UI170","desktop","src/renderer/src/Controls.tsx","72","SelectMenu","button","{label}","{disabled}","onClick: {toggle}; onKeyDown: {(event) => { if (!open && (event.key === ""ArrowDown"" || event.key === ""ArrowUp"")) { event.preventDefault(); toggle(); } }}","Source control site; consult the journey register and release verification scope"
"UI171","desktop","src/renderer/src/Controls.tsx","97","SelectMenu","button","{active && <Check size={14} weight=""bold"" />}","","onClick: {() => { onChange(choice.value); setOpen(false); buttonRef.current?.focus(); }}; onKeyDown: {(event) => { const currentIndex = choices.indexOf(choice); if (event.key === ""ArrowDown"" || event.key === ""ArrowUp"") { event.preventDefaul","Source control site; consult the journey register and release verification scope"
"UI172","desktop","src/renderer/src/Controls.tsx","197","ModelCombobox","input","{label}","{disabled}","onClick: {openMenu}; onChange: {(event) => { setDraft(event.target.value); setShowAll(false); setOpen(true); setActiveIndex(-1); }}; onKeyDown: {(event) => { if (event.key === ""ArrowDown"" || event.key === ""ArrowUp"") { event.preventDefault()","Source control site; consult the journey register and release verification scope"
"UI173","desktop","src/renderer/src/Controls.tsx","234","ModelCombobox","button","{suggestion === value && <Check size={14} weight=""bold"" />}","","onMouseDown: {(event) => event.preventDefault()}; onClick: {() => { setDraft(suggestion); commit(suggestion); }}","Source control site; consult the journey register and release verification scope"
"UI174","desktop","src/renderer/src/OpenBotFeatures.tsx","108","RoutineRow","article","{confirmDelete && <div className=""routine-delete-confirm"" role=""group"" aria-label={`Confirm deletion of ${routine.name}`}> <span><strong>Delete “{routine.name}”?</strong><small>This also removes its run history and related attention items.<","","onKeyDown: {(event) => { if (confirmDelete && event.key === ""Escape"") { event.preventDefault(); event.stopPropagation(); cancelDelete(); } }}","Source control site; consult the journey register and release verification scope"
"UI175","desktop","src/renderer/src/OpenBotFeatures.tsx","119","RoutineRow","button","""Run now""","{Boolean(busy)}","onClick: {() => void act(`run:${routine.id}`, () => window.grokky.runRoutine(routine.id))}","Source control site; consult the journey register and release verification scope"
"UI176","desktop","src/renderer/src/OpenBotFeatures.tsx","120","RoutineRow","button","{busy === `toggle:${routine.id}` ? ""Saving…"" : routine.enabled ? ""Pause"" : ""Enable""}","{Boolean(busy)}","onClick: {() => void act(`toggle:${routine.id}`, () => window.grokky.updateRoutine(routine.id, { enabled: !routine.enabled }))}","Source control site; consult the journey register and release verification scope"
"UI177","desktop","src/renderer/src/OpenBotFeatures.tsx","121","RoutineRow","button","{`Delete ${routine.name}`}","{Boolean(busy)}","onClick: {() => setConfirmDelete(true)}","Source control site; consult the journey register and release verification scope"
"UI178","desktop","src/renderer/src/OpenBotFeatures.tsx","125","RoutineRow","button","Keep routine","{Boolean(busy)}","onClick: {cancelDelete}","Source control site; consult the journey register and release verification scope"
"UI179","desktop","src/renderer/src/OpenBotFeatures.tsx","126","RoutineRow","button","{busy === `delete:${routine.id}` ? ""Deleting…"" : ""Delete routine""}","{Boolean(busy)}","onClick: {() => void act(`delete:${routine.id}`, () => window.grokky.deleteRoutine(routine.id))}","Source control site; consult the journey register and release verification scope"
"UI180","desktop","src/renderer/src/OpenBotFeatures.tsx","188","FeatureCenter","div","{discardOpen && <ConfirmDialog title=""Discard this routine draft?"" detail=""The name and instructions have not been saved."" confirmLabel=""Discard draft"" onCancel={() => setDiscardOpen(false)} onConfirm={onClose} />}","","onMouseDown: {(event) => { if (event.currentTarget === event.target) requestClose(); }}","Source control site; consult the journey register and release verification scope"
"UI181","desktop","src/renderer/src/OpenBotFeatures.tsx","192","FeatureCenter","button","","","onClick: {() => setView(""routines"")}","Source control site; consult the journey register and release verification scope"
"UI182","desktop","src/renderer/src/OpenBotFeatures.tsx","193","FeatureCenter","button","{openAttention.length > 0 && <em className=""warning"">{openAttention.length}</em>}","","onClick: {() => setView(""attention"")}","Source control site; consult the journey register and release verification scope"
"UI183","desktop","src/renderer/src/OpenBotFeatures.tsx","194","FeatureCenter","button","{snapshot.settings.onboardingComplete ? <CheckCircle size={14} /> : <em>!</em>}","","onClick: {() => setView(""setup"")}","Source control site; consult the journey register and release verification scope"
"UI184","desktop","src/renderer/src/OpenBotFeatures.tsx","200","FeatureCenter","button","""Close work control""","","onClick: {requestClose}","Source control site; consult the journey register and release verification scope"
"UI185","desktop","src/renderer/src/OpenBotFeatures.tsx","203","FeatureCenter","button","""Dismiss error""","","onClick: {() => setActionError("""")}","Source control site; consult the journey register and release verification scope"
"UI186","desktop","src/renderer/src/OpenBotFeatures.tsx","210","FeatureCenter","input","""Morning market brief""","","onChange: {(event) => setName(event.target.value)}","Source control site; consult the journey register and release verification scope"
"UI187","desktop","src/renderer/src/OpenBotFeatures.tsx","211","FeatureCenter","textarea","""Check the sources, summarize what changed, and flag anything requiring my decision.""","","onChange: {(event) => setInstruction(event.target.value)}","Source control site; consult the journey register and release verification scope"
"UI188","desktop","src/renderer/src/OpenBotFeatures.tsx","213","FeatureCenter","select","","","onChange: {(event) => setScheduleKind(event.target.value as RoutineSchedule[""kind""])}","Source control site; consult the journey register and release verification scope"
"UI189","desktop","src/renderer/src/OpenBotFeatures.tsx","215","FeatureCenter","input","","","onChange: {(event) => setMinutes(Math.min(43_200, Math.max(15, Number(event.target.value) || 15)))}","Source control site; consult the journey register and release verification scope"
"UI190","desktop","src/renderer/src/OpenBotFeatures.tsx","217","FeatureCenter","input","","","onChange: {(event) => setTime(event.target.value)}","Source control site; consult the journey register and release verification scope"
"UI191","desktop","src/renderer/src/OpenBotFeatures.tsx","220","FeatureCenter","button","{label}","","onClick: {() => setWeekdays((current) => current.includes(day) ? current.filter((value) => value !== day) : [...current, day].sort())}","Source control site; consult the journey register and release verification scope"
"UI192","desktop","src/renderer/src/OpenBotFeatures.tsx","221","FeatureCenter","button","{busy === ""create"" ? ""Creating…"" : ""Create routine""}","{Boolean(busy) || !name.trim() || !instruction.trim() || (scheduleKind === ""daily"" && !weekdays.length)}","onClick: {() => void createRoutine()}","Source control site; consult the journey register and release verification scope"
"UI193","desktop","src/renderer/src/OpenBotFeatures.tsx","240","FeatureCenter","button","Open chat","{Boolean(busy)}","onClick: {() => void runAction(`open:${item.id}`, async () => { await window.grokky.setActiveConversation(item.conversationId!); onClose(); })}","Source control site; consult the journey register and release verification scope"
"UI194","desktop","src/renderer/src/OpenBotFeatures.tsx","241","FeatureCenter","button","{busy === `resolve:${item.id}` ? ""Resolving…"" : ""Resolve""}","{Boolean(busy)}","onClick: {() => void runAction(`resolve:${item.id}`, () => window.grokky.resolveAttention(item.id))}","Source control site; consult the journey register and release verification scope"
"UI195","desktop","src/renderer/src/OpenBotFeatures.tsx","254","FeatureCenter","button","OpenRouter","{Boolean(busy)}","onClick: {() => void runAction(""credential"", async () => { await window.grokky.chooseOpenRouterCredential(); await window.grokky.refreshProviderStatuses(); })}","Source control site; consult the journey register and release verification scope"
"UI196","desktop","src/renderer/src/OpenBotFeatures.tsx","255","FeatureCenter","button","{conversation.projectMode === ""project"" ? ""Change"" : ""Choose""}","{Boolean(busy)}","onClick: {() => void runAction(""directory"", async () => { await window.grokky.chooseWorkingDirectory(conversation.id); })}","Source control site; consult the journey register and release verification scope"
"UI197","desktop","src/renderer/src/OpenBotFeatures.tsx","256","FeatureCenter","button","{snapshot.settings.generatedArtifactsEnabled === false ? ""Enable"" : ""On""}","{Boolean(busy)}","onClick: {() => void runAction(""artifacts"", () => window.grokky.updateSettings({ generatedArtifactsEnabled: snapshot.settings.generatedArtifactsEnabled === false }))}","Source control site; consult the journey register and release verification scope"
"UI198","desktop","src/renderer/src/OpenBotFeatures.tsx","257","FeatureCenter","button","{snapshot.settings.openRouterExternalTools ? ""On"" : ""Enable""}","{Boolean(busy)}","onClick: {() => void runAction(""external"", () => window.grokky.updateSettings({ openRouterExternalTools: !snapshot.settings.openRouterExternalTools }))}","Source control site; consult the journey register and release verification scope"
"UI199","desktop","src/renderer/src/OpenBotFeatures.tsx","259","FeatureCenter","button","{snapshot.settings.onboardingComplete ? ""Save setup"" : ""Finish setup""}","{Boolean(busy) || !providerReady}","onClick: {() => void finishSetup()}","Source control site; consult the journey register and release verification scope"
"UI200","desktop","src/renderer/src/PhoneControl.tsx","30","PhoneControl","button","{session?.confirmed ? ""Phone connected"" : ""Control from your phone""}","","onClick: {() => setExpanded(!expanded)}","Source control site; consult the journey register and release verification scope"
"UI201","desktop","src/renderer/src/PhoneControl.tsx","32","PhoneControl","button","Pair phone","{Boolean(busy) || Boolean(status)}","onClick: {() => void act(""Preparing pairing…"", () => window.grokky.startPhone(conversationId))}","Source control site; consult the journey register and release verification scope"
"UI202","desktop","src/renderer/src/PhoneControl.tsx","33","PhoneControl","button","Copy pairing link","{Boolean(busy)}","onClick: {() => void act(""Copying link…"", () => navigator.clipboard.writeText(session.inviteUrl!), ""Pairing link copied"")}","Source control site; consult the journey register and release verification scope"
"UI203","desktop","src/renderer/src/PhoneControl.tsx","34","PhoneControl","button","Confirm my phone","{Boolean(busy)}","onClick: {() => void act(""Confirming phone…"", () => window.grokky.confirmPhone())}","Source control site; consult the journey register and release verification scope"
"UI204","desktop","src/renderer/src/PhoneControl.tsx","36","PhoneControl","button","Return control to Grokky","{Boolean(busy)}","onClick: {() => void act(""Returning control…"", () => window.grokky.resumePhone())}","Source control site; consult the journey register and release verification scope"
"UI205","desktop","src/renderer/src/PhoneControl.tsx","39","PhoneControl","button","{session.owner === ""human"" || session.owner === ""pausing"" ? ""Disconnect and stop task"" : ""Disconnect phone""}","{Boolean(busy)}","onClick: {() => void act(""Disconnecting…"", () => window.grokky.disconnectPhone(), ""Phone disconnected"")}","Source control site; consult the journey register and release verification scope"
"UI206","desktop","src/renderer/src/PhoneControl.tsx","40","PhoneControl","summary","Connection details","","","Source control site; consult the journey register and release verification scope"
"UI207","desktop","src/renderer/src/StopRunButton.tsx","15","StopRunButton","button","{busy ? ""Stopping…"" : label}","{busy}","onClick: {() => void stop()}","Source control site; consult the journey register and release verification scope"
"UI208","phone","services/sandbox-gateway/src/companion-ui.ts","12","companion page","button","Zoom in","Dynamic in render()","#zoom","Phone Chromium interactions and companion integration; physical-device checks remain separate"
"UI209","phone","services/sandbox-gateway/src/companion-ui.ts","12","companion page","button","Refresh frame","Initially disabled","#refresh","Phone Chromium interactions and companion integration; physical-device checks remain separate"
"UI210","phone","services/sandbox-gateway/src/companion-ui.ts","13","companion page","button","Allow once","Dynamic in render()","#allow","Phone Chromium interactions and companion integration; physical-device checks remain separate"
"UI211","phone","services/sandbox-gateway/src/companion-ui.ts","13","companion page","button","Deny","Dynamic in render()","#deny","Phone Chromium interactions and companion integration; physical-device checks remain separate"
"UI212","phone","services/sandbox-gateway/src/companion-ui.ts","14","companion page","button","Tab","Dynamic in render()","Tab","Phone Chromium interactions and companion integration; physical-device checks remain separate"
"UI213","phone","services/sandbox-gateway/src/companion-ui.ts","14","companion page","button","Enter","Dynamic in render()","Enter","Phone Chromium interactions and companion integration; physical-device checks remain separate"
"UI214","phone","services/sandbox-gateway/src/companion-ui.ts","14","companion page","button","Esc","Dynamic in render()","Escape","Phone Chromium interactions and companion integration; physical-device checks remain separate"
"UI215","phone","services/sandbox-gateway/src/companion-ui.ts","14","companion page","button","Backspace","Dynamic in render()","Backspace","Phone Chromium interactions and companion integration; physical-device checks remain separate"
"UI216","phone","services/sandbox-gateway/src/companion-ui.ts","15","companion page","button","Scroll up","Dynamic in render()","up","Phone Chromium interactions and companion integration; physical-device checks remain separate"
"UI217","phone","services/sandbox-gateway/src/companion-ui.ts","15","companion page","button","Scroll down","Dynamic in render()","down","Phone Chromium interactions and companion integration; physical-device checks remain separate"
"UI218","phone","services/sandbox-gateway/src/companion-ui.ts","16","companion page","input","Text or password","Dynamic in render()","#inputtext","Phone Chromium interactions and companion integration; physical-device checks remain separate"
"UI219","phone","services/sandbox-gateway/src/companion-ui.ts","16","companion page","button","Type","Dynamic in render()","#type","Phone Chromium interactions and companion integration; physical-device checks remain separate"
"UI220","phone","services/sandbox-gateway/src/companion-ui.ts","17","companion page","textarea","Keep the option I selected…","Dynamic in render()","#note","Phone Chromium interactions and companion integration; physical-device checks remain separate"
"UI221","phone","services/sandbox-gateway/src/companion-ui.ts","18","companion page","button","Take control","Initially disabled","#main","Phone Chromium interactions and companion integration; physical-device checks remain separate"
"UI222","phone","services/sandbox-gateway/src/companion-ui.ts","18","companion page","button","Stop task","Initially disabled","#stop","Phone Chromium interactions and companion integration; physical-device checks remain separate"
"UI223","phone","services/sandbox-gateway/src/companion-ui.ts","18","companion page","button","Forget this phone","Dynamic in render()","#unpair","Phone Chromium interactions and companion integration; physical-device checks remain separate"
